{
  "problem": "CQIM Meta-Recursion: engine(engine(...(engine(self))...))",
  "n_meta_levels": 10,
  "n_inner_passes_l1": 100,
  "n_inner_passes": 50,
  "omega_trajectory": [
    0.1999946388060142,
    0.19999260567673696,
    0.19999247546249058,
    0.19999255336816443,
    0.1999926565610055,
    0.19999349600540192,
    0.1999963864928025,
    0.19999640433999602,
    0.19999606273070664,
    0.19999591645537204
  ],
  "theta_trajectory": [
    0.0003798584207030547,
    0.00026817005833180345,
    0.0002005635070808685,
    0.00015407090065228178,
    0.00012021494483134475,
    9.476915131094273e-05,
    7.527007632178083e-05,
    6.0118346594658345e-05,
    4.822989601840246e-05,
    3.883292383457043e-05
  ],
  "xi_trajectory": [
    0.00664167957693688,
    0.006673220146372695,
    0.006706185932709377,
    0.006736692851704741,
    0.006765587652308302,
    0.006793384800944766,
    0.006820394212438508,
    0.006846842424374294,
    0.0068424595167722755,
    0.006833360569144442
  ],
  "meta_distances": [
    0.052461112339031314,
    0.0406237526465601,
    0.033404991360083895,
    0.02825562714214768,
    0.024285168379633085,
    0.02108211853883365,
    0.01844649534591906,
    0.016229379636795358,
    0.014340409753254861
  ],
  "meta_max_deltas": [
    0.030485791835300258,
    0.020941513076826263,
    0.01497988769638195,
    0.012204185948816046,
    0.010990563359671829,
    0.009869740602118912,
    0.008866878834830491,
    0.00796469213890448,
    0.0071559036100059675
  ],
  "meta_contraction_ratios": [
    0.7743593461005561,
    0.8223019584310247,
    0.8458504550284284,
    0.8594807773141925,
    0.8681067476770846,
    0.874983000970243,
    0.8798082959636992,
    0.8836080043837405
  ],
  "avg_meta_contraction": 0.8510623232336212,
  "sigma_per_level": {
    "L1": {
      "A1": 0.13526526521146626,
      "A2": 0.0,
      "A3": 0.0731150885942949,
      "A4": 0.15598018929605187,
      "A5": 0.19999509169411347,
      "A6": 0.0,
      "A7": 1.0271079653388798e-05,
      "A8": 0.0,
      "A9": 0.021465144597219245,
      "A10": 0.13108877547768982,
      "A11": 0.02727388479833084,
      "A12": 0.01795155543296329,
      "A13": 0.08820779929326314,
      "A14": 0.0,
      "A15": 0.0,
      "A16": 0.16773956687645586,
      "A17": 0.13567883918009976,
      "A18": 0.11612093196026961,
      "omega": 0.1999946388060142
    },
    "L2": {
      "A1": 0.12139182768021793,
      "A2": 0.0,
      "A3": 0.05791019412026163,
      "A4": 0.1421370332018614,
      "A5": 0.19998963345755943,
      "A6": 0.0,
      "A7": 0.0,
      "A8": 0.0,
      "A9": 0.015208263424562454,
      "A10": 0.1174419510975733,
      "A11": 0.019783524970282546,
      "A12": 0.013289968386008212,
      "A13": 0.06816340299595174,
      "A14": 0.0,
      "A15": 0.0,
      "A16": 0.15199998046042773,
      "A17": 0.1051930473447995,
      "A18": 0.10015979341183424,
      "omega": 0.19999260567673696
    },
    "L3": {
      "A1": 0.10781393981650166,
      "A2": 0.0,
      "A3": 0.04836602716266769,
      "A4": 0.12866320991703276,
      "A5": 0.1999894020289222,
      "A6": 0.0,
      "A7": 0.0,
      "A8": 0.0,
      "A9": 0.012286046607018519,
      "A10": 0.103943666262079,
      "A11": 0.016097827428723455,
      "A12": 0.010908842811567763,
      "A13": 0.055319032729077615,
      "A14": 0.0,
      "A15": 0.0,
      "A16": 0.13724821365996467,
      "A17": 0.08425153426797324,
      "A18": 0.08742564278759389,
      "omega": 0.19999247546249058
    },
    "L4": {
      "A1": 0.09553172673709791,
      "A2": 0.0,
      "A3": 0.04134638034222566,
      "A4": 0.11610255826143823,
      "A5": 0.19998966739221455,
      "A6": 0.0,
      "A7": 0.0,
      "A8": 0.0,
      "A9": 0.010373800192778943,
      "A10": 0.09182854739820398,
      "A11": 0.013632549337296088,
      "A12": 0.009280640221856727,
      "A13": 0.04636503202690069,
      "A14": 0.0,
      "A15": 0.0,
      "A16": 0.12376179524080332,
      "A17": 0.0692716465715913,
      "A18": 0.07682473711200731,
      "omega": 0.19999255336816443
    },
    "L5": {
      "A1": 0.0846924858117516,
      "A2": 0.0,
      "A3": 0.03581203626758107,
      "A4": 0.10461512490714162,
      "A5": 0.19999003833450923,
      "A6": 0.0,
      "A7": 0.0,
      "A8": 0.0,
      "A9": 0.008929054865821774,
      "A10": 0.08123261486783899,
      "A11": 0.011753752223873532,
      "A12": 0.0080251701331801,
      "A13": 0.03969504671581332,
      "A14": 0.0,
      "A15": 0.0,
      "A16": 0.11155760929198727,
      "A17": 0.058111670380229866,
      "A18": 0.06783262137074647,
      "omega": 0.1999926565610055
    },
    "L6": {
      "A1": 0.07520230752403327,
      "A2": 0.0,
      "A3": 0.031294854992671664,
      "A4": 0.09421162421323298,
      "A5": 0.19999350997875284,
      "A6": 0.0,
      "A7": 0.0,
      "A8": 0.0,
      "A9": 0.00777133367685973,
      "A10": 0.0720227007062489,
      "A11": 0.010241596383607806,
      "A12": 0.007007504018523835,
      "A13": 0.034470853422422086,
      "A14": 0.0,
      "A15": 0.0,
      "A16": 0.10056704593231544,
      "A17": 0.04950623085742863,
      "A18": 0.060122576724490714,
      "omega": 0.19999349600540192
    },
    "L7": {
      "A1": 0.06690761019290142,
      "A2": 0.0,
      "A3": 0.027528749061894793,
      "A4": 0.08484304153667926,
      "A5": 0.20000390450338046,
      "A6": 0.0,
      "A7": 0.0,
      "A8": 0.0,
      "A9": 0.00681590788344458,
      "A10": 0.06401578237444887,
      "A11": 0.008990149705275053,
      "A12": 0.0061611321970570536,
      "A13": 0.03022661982655386,
      "A14": 0.0,
      "A15": 0.0,
      "A16": 0.09069730533019653,
      "A17": 0.04268070009555471,
      "A18": 0.05346070803758212,
      "omega": 0.1999963864928025
    },
    "L8": {
      "A1": 0.059646286692484805,
      "A2": 0.0,
      "A3": 0.02434076553375676,
      "A4": 0.0764209015564931,
      "A5": 0.20000392226123415,
      "A6": 0.0,
      "A7": 0.0,
      "A8": 0.0,
      "A9": 0.00601286729357676,
      "A10": 0.05703317095593163,
      "A11": 0.007936141440054514,
      "A12": 0.005445592592612433,
      "A13": 0.026687333885208935,
      "A14": 0.0,
      "A15": 0.0,
      "A16": 0.08183042649536604,
      "A17": 0.03714071704414636,
      "A18": 0.04766531965271746,
      "omega": 0.19999640433999602
    },
    "L9": {
      "A1": 0.053274759623029654,
      "A2": 0.0,
      "A3": 0.021610281351512835,
      "A4": 0.06885969676313251,
      "A5": 0.20000267386047427,
      "A6": 0.0,
      "A7": 0.0,
      "A8": 0.0,
      "A9": 0.005328718570307998,
      "A10": 0.05092228569964679,
      "A11": 0.007036757237277791,
      "A12": 0.004833217386506318,
      "A13": 0.023680257826446487,
      "A14": 0.0,
      "A15": 0.0,
      "A16": 0.07386573435646156,
      "A17": 0.03255867247189556,
      "A18": 0.042595782243296985,
      "omega": 0.19999606273070664
    },
    "L10": {
      "A1": 0.04766844606125179,
      "A2": 0.0,
      "A3": 0.019249911168702043,
      "A4": 0.06207494228416703,
      "A5": 0.20000208383000945,
      "A6": 0.0,
      "A7": 0.0,
      "A8": 0.0,
      "A9": 0.004739756133132803,
      "A10": 0.045554739229290715,
      "A11": 0.00626154109865056,
      "A12": 0.004304149001954034,
      "A13": 0.02109089766052915,
      "A14": 0.0,
      "A15": 0.0,
      "A16": 0.06670983074645559,
      "A17": 0.028709924672485274,
      "A18": 0.038140509908182296,
      "omega": 0.19999591645537204
    }
  }
}